name,maker,category_id,color,unit_price,stock,recommended,suspended
週刊少林ジャンプ 2021年 21/22号,集A社,3,,390,30,0,0
ONE PEACH 1,集A社,3,,480,28,0,0
破滅の刃 1,集A社,3,,440,33,0,0
シルバー(SV)ネックレス,5℃,1,,8800,12,0,0
ダイヤモンドK10ピンクゴールド(PG)ネックレス,5℃,1,ピンクゴールド,25300,15,0,0
K10ピンクゴールド(PG) ピアス,5℃,1,ピンクゴールド,7700,13,0,0
ダイヤモンド バイ ザ ヤード™ ピアス,TIFFAMY,1,,148500,4,0,0
オーバーシャツ,BIOR,5,,148500,5,0,0
スキーグローブ,BIOR,5,,102300,6,0,0
シャプカ,BIOR,5,,108900,12,0,0
ルンヴァ i3 ロボット掃除機,エイロボット,2,,99800,8,0,0
ブラーバジェット m6 エイロボット,エイロボット,2,,76860,10,0,0
ルンヴァ e5 ロボット掃除機 エイロボット,エイロボット,2,,49800,11,0,0
スチーム式加湿器,ZOOJIRUSHI,2,ホワイト,19500,20,0,0
ジャンボ グレー 猫用トイレ ディープパン,オーエーティー,4,,3500,20,0,0
おからの猫砂 6リットル (x 4),常夏化工,4,,2044,18,0,0
猫用おやつ 焼かつお 高齢猫用 5本入×4個,NYAO (ニャオ),4,,1289,30,0,0
猫用おやつ にゃ～る グルメ まぐろ海鮮バラエティ 14グラム (x 120),NYAO (ニャオ),4,,4480,23,0,0
キャットフード インドアキャット シニア 7歳以上,ビルズ・菜園,4,,2473,28,0,0
3種ミックスナッツ700g,有限会社 スイーツ,7,,1380,30,0,0
砂糖不使用 無添加 しかも6種類★ドライフルーツ＆素焼き 無塩 ミックスナッツ 300g,有限会社 くだもの,7,,1480,40,0,0
干し芋 無添加 館の熟成干し芋  600g(200g×3袋) 季節限定,有限会社 スイーツ,7,,1000,25,0,0
瀬戸内海産焼海苔(全角/全型)50枚入り[訳あり],(株) 海苔,7,,1000,33,0,0
北海道.チーズケーキ 2個セット. 訳あり スイーツ ギフト お菓子,有限会社 スイーツ,7,,2160,45,0,0
訳あり庄内柿　5kg前後,○○農園,7,,1980,50,0,0
チーズケーキ ケーキ SUPERチーズケーキバー,おいしいケーキ屋さん,7,,1000,44,0,0
熊本 みかん 訳あり みかん 蜜柑 ポイント消化 1セット 4kg,○○農園,7,,1880,35,0,0
さつまいも 熊本県産 訳あり 紅はるか べにはるか 1kg,○○農園,7,,1222,40,0,0
朝摘み もぎたて青汁 国産 送料無料 大麦若葉 粉末 90g(3g×30包) 飲みやすい,後藤園,7,,1554,70,0,0
熊本県産 訳あり 利平栗 1.5kg 2L～Lサイズ,○○農園,7,,3480,20,0,0
チーズケーキ 1個 希少 な ジャージー牛乳使用,有限会社 スイーツ,7,,1000,25,0,0
マスクメロン 2玉 【秀品：2Lサイズ】 1玉約1.2kg以上,○○農園,7,,4980,20,0,0
ギフト まるごとみかん大福 9個入り,有限会社 スイーツ,7,,3750,33,0,0
破滅の刃 2,集A社,3,,440,30,0,0
破滅の刃 3,集A社,3,,440,40,0,0
破滅の刃 4,集A社,3,,440,25,0,0
破滅の刃 5,集A社,3,,440,20,0,0
破滅の刃 6,集A社,3,,440,15,0,0
破滅の刃 7,集A社,3,,440,10,0,0
破滅の刃 8,集A社,3,,440,20,0,0
破滅の刃 9,集A社,3,,440,5,0,0
破滅の刃 10,集A社,3,,440,8,0,0
破滅の刃 11,集A社,3,,440,6,0,0
破滅の刃 12,集A社,3,,440,12,0,0
破滅の刃 13,集A社,3,,440,22,0,0
破滅の刃 14,集A社,3,,440,29,0,0
破滅の刃 15,集A社,3,,440,27,0,0
破滅の刃 16,集A社,3,,440,24,0,0
破滅の刃 17,集A社,3,,440,13,0,0
破滅の刃 18,集A社,3,,440,12,0,0
破滅の刃 19,集A社,3,,440,22,0,0
破滅の刃 20,集A社,3,,440,11,0,0
破滅の刃 21,集A社,3,,440,18,0,0
破滅の刃 22,集A社,3,,440,19,0,0
破滅の刃 23,集A社,3,,440,21,0,0
破滅の刃 1~23巻セット,集A社,3,,10680,24,0,0
週刊少林ジャンプ 2021年 23号,集A社,3,,290,10,0,0
週刊少林ジャンプ 2021年 24号,集A社,3,,290,8,0,0
週刊少林ジャンプ 2021年 25号,集A社,3,,290,5,0,0
週刊少林ジャンプ 2021年 26号,集A社,3,,290,4,0,0
週刊少林ジャンプ 2021年 27号,集A社,3,,290,9,0,0
週刊少林ジャンプ 2021年 28号,集A社,3,,290,3,0,0
週刊少林ジャンプ 2021年 29号,集A社,3,,290,10,0,0
週刊少林ジャンプ 2021年 30号,集A社,3,,290,20,0,0
週刊少林ジャンプ 2021年 31号,集A社,3,,290,15,0,0
週刊少林ジャンプ 2021年 32号,集A社,3,,290,7,0,0
週刊少林ジャンプ 2021年 33/34号,集A社,3,,290,6,0,0
週刊少林ジャンプ 2021年 35号,集A社,3,,290,8,0,0
週刊少林ジャンプ 2021年 36/37号,集A社,3,,290,9,0,0
週刊少林ジャンプ 2021年 38号,集A社,3,,290,7,0,0
週刊少林ジャンプ 2021年 39号,集A社,3,,290,5,0,0
週刊少林ジャンプ 2021年 40号,集A社,3,,290,4,0,0
週刊少林ジャンプ 2021年 41号,集A社,3,,290,8,0,0
週刊少林ジャンプ 2021年 42号,集A社,3,,290,9,0,0
ONE PEACH 2,集A社,3,,480,28,0,0
ONE PEACH 3,集A社,3,,480,28,0,0
ONE PEACH 4,集A社,3,,480,28,0,0
ONE PEACH 5,集A社,3,,480,28,0,0
ONE PEACH 6,集A社,3,,480,28,0,0
ONE PEACH 7,集A社,3,,480,28,0,0
ONE PEACH 8,集A社,3,,480,28,0,0
ONE PEACH 9,集A社,3,,480,28,0,0
ONE PEACH 10,集A社,3,,480,28,0,0
ONE PEACH 11,集A社,3,,480,28,0,0
ONE PEACH 12,集A社,3,,480,28,0,0
ONE PEACH 13,集A社,3,,480,28,0,0
ONE PEACH 14,集A社,3,,480,28,0,0
ONE PEACH 15,集A社,3,,480,28,0,0
ONE PEACH 16,集A社,3,,480,28,0,0
ONE PEACH 17,集A社,3,,480,28,0,0
ONE PEACH 18,集A社,3,,480,28,0,0
ONE PEACH 19,集A社,3,,480,28,0,0
ONE PEACH 20,集A社,3,,480,28,0,0
ONE PEACH 21,集A社,3,,480,28,0,0
ONE PEACH 22,集A社,3,,480,28,0,0
ONE PEACH 23,集A社,3,,480,28,0,0
ONE PEACH 24,集A社,3,,480,28,0,0
ONE PEACH 25,集A社,3,,480,28,0,0
ONE PEACH 26,集A社,3,,480,28,0,0
ONE PEACH 27,集A社,3,,480,28,0,0
ONE PEACH 28,集A社,3,,480,28,0,0
ONE PEACH 29,集A社,3,,480,28,0,0
ONE PEACH 30,集A社,3,,480,28,0,0
ONE PEACH 31,集A社,3,,480,28,0,0
ONE PEACH 32,集A社,3,,480,28,0,0
ONE PEACH 33,集A社,3,,480,28,0,0
ONE PEACH 34,集A社,3,,480,28,0,0
ONE PEACH 35,集A社,3,,480,28,0,0
ONE PEACH 36,集A社,3,,480,28,0,0
ONE PEACH 37,集A社,3,,480,28,0,0
ONE PEACH 38,集A社,3,,480,28,0,0
ONE PEACH 39,集A社,3,,480,28,0,0
ONE PEACH 40,集A社,3,,480,28,0,0
ONE PEACH 41,集A社,3,,480,28,0,0
ONE PEACH 42,集A社,3,,480,28,0,0
ONE PEACH 43,集A社,3,,480,28,0,0
ONE PEACH 44,集A社,3,,480,28,0,0
ONE PEACH 45,集A社,3,,480,28,0,0
ONE PEACH 46,集A社,3,,480,28,0,0
ONE PEACH 47,集A社,3,,480,28,0,0
ONE PEACH 48,集A社,3,,480,28,0,0
ONE PEACH 49,集A社,3,,480,28,0,0
ONE PEACH 50,集A社,3,,480,28,0,0
ONE PEACH 51,集A社,3,,480,28,0,0
ONE PEACH 52,集A社,3,,480,28,0,0
ONE PEACH 53,集A社,3,,480,28,0,0
ONE PEACH 54,集A社,3,,480,28,0,0
ONE PEACH 55,集A社,3,,480,28,0,0
ONE PEACH 56,集A社,3,,480,28,0,0
ONE PEACH 57,集A社,3,,480,28,0,0
ONE PEACH 58,集A社,3,,480,28,0,0
ONE PEACH 59,集A社,3,,480,28,0,0
ONE PEACH 60,集A社,3,,480,28,0,0
ONE PEACH 61,集A社,3,,480,28,0,0
ONE PEACH 62,集A社,3,,480,28,0,0
ONE PEACH 63,集A社,3,,480,28,0,0
ONE PEACH 64,集A社,3,,480,28,0,0
ONE PEACH 65,集A社,3,,480,28,0,0
ONE PEACH 66,集A社,3,,480,28,0,0
ONE PEACH 67,集A社,3,,480,28,0,0
ONE PEACH 68,集A社,3,,480,28,0,0
ONE PEACH 69,集A社,3,,480,28,0,0
ONE PEACH 70,集A社,3,,480,28,0,0
ONE PEACH 71,集A社,3,,480,28,0,0
ONE PEACH 72,集A社,3,,480,28,0,0
ONE PEACH 73,集A社,3,,480,28,0,0
ONE PEACH 74,集A社,3,,480,28,0,0
ONE PEACH 75,集A社,3,,480,28,0,0
ONE PEACH 76,集A社,3,,480,28,0,0
ONE PEACH 77,集A社,3,,480,28,0,0
ONE PEACH 78,集A社,3,,480,28,0,0
ONE PEACH 79,集A社,3,,480,28,0,0
ONE PEACH 80,集A社,3,,480,28,0,0
ONE PEACH 81,集A社,3,,480,28,0,0
ONE PEACH 82,集A社,3,,480,28,0,0
ONE PEACH 83,集A社,3,,480,28,0,0
ONE PEACH 84,集A社,3,,480,28,0,0
ONE PEACH 85,集A社,3,,480,28,0,0
ONE PEACH 86,集A社,3,,480,28,0,0
ONE PEACH 87,集A社,3,,480,28,0,0
ONE PEACH 88,集A社,3,,480,28,0,0
ONE PEACH 89,集A社,3,,480,28,0,0
ONE PEACH 90,集A社,3,,480,28,0,0
ONE PEACH 91,集A社,3,,480,28,0,0
ONE PEACH 92,集A社,3,,480,28,0,0
ONE PEACH 93,集A社,3,,480,28,0,0
ONE PEACH 94,集A社,3,,480,28,0,0
ONE PEACH 95,集A社,3,,480,28,0,0
ONE PEACH 96,集A社,3,,480,28,0,0
ONE PEACH 97,集A社,3,,480,28,0,0
ONE PEACH 98,集A社,3,,480,28,0,0
ONE PEACH 99,集A社,3,,480,28,0,0
ONE PEACH 100,集A社,3,,480,28,0,0
ONE PEACH 1~100巻セット,集A社,3,,16000,3,0,0
